{
  "long_threshold": 0.5,
  "short_threshold": 0.5,
  "model_type": "lgb",
  "metrics": {
    "passed": false,
    "acceptance_stage": "v13_triple",
    "metrics": {
      "validation": {
        "precision": 0.28486646884273,
        "recall": 0.5227180252271802,
        "long_precision": 0.2403846153846154,
        "short_precision": 0.30472103004291845,
        "n_signals": 337
      },
      "test1": {
        "win_rate": 0.4370503597122302,
        "avg_rr": 1.4538995450058263,
        "expectancy": 0.0680530629949262,
        "n_trades": 556,
        "max_daily_signals": 8,
        "max_drawdown": 0.6917842527778613,
        "total_pnl_r": 37.83750302517893,
        "n_long": 331,
        "n_short": 225,
        "long_win_rate": 0.41389728096676737,
        "short_win_rate": 0.4711111111111111
      },
      "stress": {},
      "threshold_sweep": [
        {
          "long_threshold": 0.5,
          "short_threshold": 0.5,
          "threshold": 0.5,
          "weighted_precision": 0.28486646884273,
          "long_precision": 0.2403846153846154,
          "short_precision": 0.30472103004291845,
          "trade_recall": 0.5227180252271802,
          "n_signals": 337,
          "n_long_signals": 104,
          "n_short_signals": 233,
          "signals_per_day": 1.8613071494323414,
          "min_side_precision": 0.2403846153846154
        },
        {
          "long_threshold": 0.5,
          "short_threshold": 0.6,
          "threshold": 0.5,
          "weighted_precision": 0.2523364485981308,
          "long_precision": 0.2403846153846154,
          "short_precision": 0.6666666666666666,
          "trade_recall": 0.53125,
          "n_signals": 107,
          "n_long_signals": 104,
          "n_short_signals": 3,
          "signals_per_day": 0.5909788278613072,
          "min_side_precision": 0.2403846153846154
        },
        {
          "long_threshold": 0.5,
          "short_threshold": 0.7,
          "threshold": 0.5,
          "weighted_precision": 0.2403846153846154,
          "long_precision": 0.2403846153846154,
          "short_precision": 0.0,
          "trade_recall": 0.5,
          "n_signals": 104,
          "n_long_signals": 104,
          "n_short_signals": 0,
          "signals_per_day": 0.5744093280147284,
          "min_side_precision": 0.0
        },
        {
          "long_threshold": 0.5,
          "short_threshold": 0.75,
          "threshold": 0.5,
          "weighted_precision": 0.2403846153846154,
          "long_precision": 0.2403846153846154,
          "short_precision": 0.0,
          "trade_recall": 0.5,
          "n_signals": 104,
          "n_long_signals": 104,
          "n_short_signals": 0,
          "signals_per_day": 0.5744093280147284,
          "min_side_precision": 0.0
        },
        {
          "long_threshold": 0.5,
          "short_threshold": 0.8,
          "threshold": 0.5,
          "weighted_precision": 0.2403846153846154,
          "long_precision": 0.2403846153846154,
          "short_precision": 0.0,
          "trade_recall": 0.5,
          "n_signals": 104,
          "n_long_signals": 104,
          "n_short_signals": 0,
          "signals_per_day": 0.5744093280147284,
          "min_side_precision": 0.0
        },
        {
          "long_threshold": 0.6,
          "short_threshold": 0.5,
          "threshold": 0.6,
          "weighted_precision": 0.30472103004291845,
          "long_precision": 0.0,
          "short_precision": 0.30472103004291845,
          "trade_recall": 0.5,
          "n_signals": 233,
          "n_long_signals": 0,
          "n_short_signals": 233,
          "signals_per_day": 1.2868978214176128,
          "min_side_precision": 0.0
        },
        {
          "long_threshold": 0.6,
          "short_threshold": 0.6,
          "threshold": 0.6,
          "weighted_precision": 0.6666666666666666,
          "long_precision": 0.0,
          "short_precision": 0.6666666666666666,
          "trade_recall": 0.5,
          "n_signals": 3,
          "n_long_signals": 0,
          "n_short_signals": 3,
          "signals_per_day": 0.016569499846578708,
          "min_side_precision": 0.0
        },
        {
          "long_threshold": 0.7,
          "short_threshold": 0.5,
          "threshold": 0.7,
          "weighted_precision": 0.30472103004291845,
          "long_precision": 0.0,
          "short_precision": 0.30472103004291845,
          "trade_recall": 0.5,
          "n_signals": 233,
          "n_long_signals": 0,
          "n_short_signals": 233,
          "signals_per_day": 1.2868978214176128,
          "min_side_precision": 0.0
        },
        {
          "long_threshold": 0.7,
          "short_threshold": 0.6,
          "threshold": 0.7,
          "weighted_precision": 0.6666666666666666,
          "long_precision": 0.0,
          "short_precision": 0.6666666666666666,
          "trade_recall": 0.5,
          "n_signals": 3,
          "n_long_signals": 0,
          "n_short_signals": 3,
          "signals_per_day": 0.016569499846578708,
          "min_side_precision": 0.0
        },
        {
          "long_threshold": 0.75,
          "short_threshold": 0.5,
          "threshold": 0.75,
          "weighted_precision": 0.30472103004291845,
          "long_precision": 0.0,
          "short_precision": 0.30472103004291845,
          "trade_recall": 0.5,
          "n_signals": 233,
          "n_long_signals": 0,
          "n_short_signals": 233,
          "signals_per_day": 1.2868978214176128,
          "min_side_precision": 0.0
        },
        {
          "long_threshold": 0.75,
          "short_threshold": 0.6,
          "threshold": 0.75,
          "weighted_precision": 0.6666666666666666,
          "long_precision": 0.0,
          "short_precision": 0.6666666666666666,
          "trade_recall": 0.5,
          "n_signals": 3,
          "n_long_signals": 0,
          "n_short_signals": 3,
          "signals_per_day": 0.016569499846578708,
          "min_side_precision": 0.0
        },
        {
          "long_threshold": 0.8,
          "short_threshold": 0.5,
          "threshold": 0.8,
          "weighted_precision": 0.30472103004291845,
          "long_precision": 0.0,
          "short_precision": 0.30472103004291845,
          "trade_recall": 0.5,
          "n_signals": 233,
          "n_long_signals": 0,
          "n_short_signals": 233,
          "signals_per_day": 1.2868978214176128,
          "min_side_precision": 0.0
        },
        {
          "long_threshold": 0.8,
          "short_threshold": 0.6,
          "threshold": 0.8,
          "weighted_precision": 0.6666666666666666,
          "long_precision": 0.0,
          "short_precision": 0.6666666666666666,
          "trade_recall": 0.5,
          "n_signals": 3,
          "n_long_signals": 0,
          "n_short_signals": 3,
          "signals_per_day": 0.016569499846578708,
          "min_side_precision": 0.0
        }
      ],
      "label_sl_tp": {
        "sl": 1.2,
        "tp": 2.0
      },
      "model_type": "lightgbm",
      "enhanced_features": true
    },
    "failures": [
      "val_precision=0.285<0.55",
      "test1_win_rate=0.437<0.55",
      "test1_avg_rr=1.454<1.5",
      "test1_max_drawdown=0.692>0.2"
    ]
  }
}