{"learner":{"attributes":{"scikit_learn":"{\"_estimator_type\": \"regressor\"}"},"feature_names":[],"feature_types":[],"gradient_booster":{"model":{"cats":{"enc":[],"feature_segments":[],"sorted_idx":[]},"gbtree_model_param":{"num_parallel_tree":"1","num_trees":"8"},"iteration_indptr":[0,1,2,3,4,5,6,7,8],"tree_info":[0,0,0,0,0,0,0,0],"trees":[{"base_weights":[-6.1575044E-11,8.290759E-2,-1.074728E-2,4.2480156E-3,9.318551E-2,9.306643E-4,-8.321258E-2,1.3248655E-2,3.1385913E-2,-6.262604E-3,1.6744511E-2,-3.2498963E-2,-3.3935986E-3],"categories":[],"categories_nodes":[],"categories_segments":[],"categories_sizes":[],"default_left":[0,0,0,0,0,0,0,0,0,0,0,0,0],"id":0,"left_children":[1,3,5,-1,7,9,11,-1,-1,-1,-1,-1,-1],"loss_changes":[1.0870578E-1,8.572631E-3,9.1471985E-2,0E0,2.1062717E-3,1.1366522E-1,2.5863796E-2,0E0,0E0,0E0,0E0,0E0,0E0],"parents":[2147483647,0,0,1,1,2,2,4,4,5,5,6,6],"right_children":[2,4,6,-1,8,10,12,-1,-1,-1,-1,-1,-1],"split_conditions":[-1.3215712E0,-2.6057885E0,1.0301656E0,4.2480156E-3,-2.7992782E-1,5.856056E-1,4.5172936E-1,1.3248655E-2,3.1385913E-2,-6.262604E-3,1.6744511E-2,-3.2498963E-2,-3.3935986E-3],"split_indices":[15,15,22,0,9,26,20,0,0,0,0,0,0],"split_type":[0,0,0,0,0,0,0,0,0,0,0,0,0],"sum_hessian":[1.2E2,1.3E1,1.07E2,2E0,1.1E1,9.3E1,1.4E1,3E0,8E0,6.7E1,2.6E1,1E1,4E0],"tree_param":{"num_deleted":"0","num_feature":"50","num_nodes":"13","size_leaf_vector":"1"}},{"base_weights":[1.9398278E-4,2.1069247E-2,-2.5239412E-2,3.2044508E-2,-7.75822E-2,-4.5271788E-2,1.2080836E-2,2.93629E-3,2.5400987E-2,-4.5241904E-3,-2.9870013E-2,1.3128839E-2,-1.6407596E-2,-1.081655E-3,1.79583E-2],"categories":[],"categories_nodes":[],"categories_segments":[],"categories_sizes":[],"default_left":[0,0,0,0,0,0,0,0,0,0,0,0,0,0,0],"id":1,"left_children":[1,3,5,7,9,11,13,-1,-1,-1,-1,-1,-1,-1,-1],"loss_changes":[6.477416E-2,7.502869E-2,4.1665643E-2,7.061924E-2,8.116931E-3,3.258752E-2,1.520576E-2,0E0,0E0,0E0,0E0,0E0,0E0,0E0,0E0],"parents":[2147483647,0,0,1,1,2,2,3,3,4,4,5,5,6,6],"right_children":[2,4,6,8,10,12,14,-1,-1,-1,-1,-1,-1,-1,-1],"split_conditions":[9.694858E-2,1.086237E0,7.16733E-1,5.856056E-1,-1.396099E-1,-1.2150897E0,2.9546684E-1,2.93629E-3,2.5400987E-2,-4.5241904E-3,-2.9870013E-2,1.3128839E-2,-1.6407596E-2,-1.081655E-3,1.79583E-2],"split_indices":[13,22,48,26,6,25,17,0,0,0,0,0,0,0,0],"split_type":[0,0,0,0,0,0,0,0,0,0,0,0,0,0,0],"sum_hessian":[1.2E2,6.6E1,5.4E1,6E1,6E0,3.5E1,1.9E1,4.3E1,1.7E1,2E0,4E0,3E0,3.2E1,1.5E1,4E0],"tree_param":{"num_deleted":"0","num_feature":"50","num_nodes":"15","size_leaf_vector":"1"}},{"base_weights":[1.9810983E-4,5.779145E-2,-7.2695273E-3,4.745543E-3,6.346874E-2,-2.1083135E-2,2.2144085E-2,7.530616E-3,2.058956E-2,2.7752952E-3,-1.6007837E-2,1.4239203E-3,2.4080394E-2],"categories":[],"categories_nodes":[],"categories_segments":[],"categories_sizes":[],"default_left":[0,0,0,0,0,0,0,0,0,0,0,0,0],"id":2,"left_children":[1,3,5,-1,7,9,11,-1,-1,-1,-1,-1,-1],"loss_changes":[5.246054E-2,2.3321211E-3,4.434814E-2,0E0,6.5430626E-4,7.294507E-2,3.501175E-2,0E0,0E0,0E0,0E0,0E0,0E0],"parents":[2147483647,0,0,1,1,2,2,4,4,5,5,6,6],"right_children":[2,4,6,-1,8,10,12,-1,-1,-1,-1,-1,-1],"split_conditions":[-1.3215712E0,-2.6057885E0,4.6934098E-1,4.745543E-3,-4.9338546E-1,-1.417421E-1,1.0505337E0,7.530616E-3,2.058956E-2,2.7752952E-3,-1.6007837E-2,1.4239203E-3,2.4080394E-2],"split_indices":[15,15,34,0,9,8,1,0,0,0,0,0,0],"split_type":[0,0,0,0,0,0,0,0,0,0,0,0,0],"sum_hessian":[1.2E2,1.3E1,1.07E2,2E0,1.1E1,7.3E1,3.4E1,2E0,9E0,3.8E1,3.5E1,2.7E1,7E0],"tree_param":{"num_deleted":"0","num_feature":"50","num_nodes":"13","size_leaf_vector":"1"}},{"base_weights":[5.1171373E-4,-3.7433445E-3,7.034314E-2,4.3353554E-2,-9.65127E-3,2.8388163E-2,6.4219744E-3,1.885651E-2,8.310701E-3,-4.690112E-3,1.42646255E-2,5.343856E-3,-2.453967E-3],"categories":[],"categories_nodes":[],"categories_segments":[],"categories_sizes":[],"default_left":[0,0,0,0,0,0,0,0,0,0,0,0,0],"id":3,"left_children":[1,3,5,7,9,-1,11,-1,-1,-1,-1,-1,-1],"loss_changes":[3.621687E-2,3.2416586E-2,1.0258168E-2,2.2266563E-3,3.5989493E-2,0E0,6.4469135E-4,0E0,0E0,0E0,0E0,0E0,0E0],"parents":[2147483647,0,0,1,1,2,2,3,3,4,4,6,6],"right_children":[2,4,6,8,10,-1,12,-1,-1,-1,-1,-1,-1],"split_conditions":[1.397328E0,-1.3215712E0,-1.6969317E-1,-4.640044E-1,1.2023782E0,2.8388163E-2,-3.887265E-1,1.885651E-2,8.310701E-3,-4.690112E-3,1.42646255E-2,5.343856E-3,-2.453967E-3],"split_indices":[16,15,9,49,3,0,0,0,0,0,0,0,0],"split_type":[0,0,0,0,0,0,0,0,0,0,0,0,0],"sum_hessian":[1.2E2,1.14E2,6E0,1.2E1,1.02E2,4E0,2E0,4E0,8E0,9.3E1,9E0,1E0,1E0],"tree_param":{"num_deleted":"0","num_feature":"50","num_nodes":"13","size_leaf_vector":"1"}},{"base_weights":[9.2034653E-4,-6.939817E-3,2.9907092E-2,7.100524E-2,-1.1100529E-2,4.7851708E-2,-3.788358E-2,2.7295517E-2,-1.3371013E-3,2.4588495E-3,-7.6363883E-3,2.3175323E-2,9.282567E-3,3.7559557E-3,-1.5140471E-2],"categories":[],"categories_nodes":[],"categories_segments":[],"categories_sizes":[],"default_left":[0,0,0,0,0,0,0,0,0,0,0,0,0,0,0],"id":4,"left_children":[1,3,5,7,9,11,13,-1,-1,-1,-1,-1,-1,-1,-1],"loss_changes":[2.7776258E-2,3.192166E-2,3.3441212E-2,7.944131E-3,2.5691401E-2,8.049604E-3,4.437714E-3,0E0,0E0,0E0,0E0,0E0,0E0,0E0,0E0],"parents":[2147483647,0,0,1,1,2,2,3,3,4,4,5,5,6,6],"right_children":[2,4,6,8,10,12,14,-1,-1,-1,-1,-1,-1,-1,-1],"split_conditions":[8.707876E-1,-1.5623035E0,4.420179E-1,4.0174827E-1,-2.9917347E-1,-5.0561273E-1,-2.7725537E0,2.7295517E-2,-1.3371013E-3,2.4588495E-3,-7.6363883E-3,2.3175323E-2,9.282567E-3,3.7559557E-3,-1.5140471E-2],"split_indices":[46,7,40,0,46,9,4,0,0,0,0,0,0,0,0],"split_type":[0,0,0,0,0,0,0,0,0,0,0,0,0,0,0],"sum_hessian":[1.2E2,9.5E1,2.5E1,4E0,9.1E1,2E1,5E0,3E0,1E0,3.9E1,5.2E1,6E0,1.4E1,1E0,4E0],"tree_param":{"num_deleted":"0","num_feature":"50","num_nodes":"15","size_leaf_vector":"1"}},{"base_weights":[9.901457E-4,-1.3463065E-2,1.2839943E-2,-3.6315273E-2,4.0968126E-3,-1.5262298E-2,2.7876623E-2,1.215277E-3,-1.5952483E-2,-6.983348E-3,9.877896E-3,-1.5344749E-2,1.7633872E-3,1.2241069E-2,-8.078565E-3],"categories":[],"categories_nodes":[],"categories_segments":[],"categories_sizes":[],"default_left":[0,0,0,0,0,0,0,0,0,0,0,0,0,0,0],"id":5,"left_children":[1,3,5,7,9,11,13,-1,-1,-1,-1,-1,-1,-1,-1],"loss_changes":[2.0896249E-2,2.2219285E-2,2.8737273E-2,1.654886E-2,2.6020767E-2,1.8508434E-2,3.227116E-2,0E0,0E0,0E0,0E0,0E0,0E0,0E0,0E0],"parents":[2147483647,0,0,1,1,2,2,3,3,4,4,5,5,6,6],"right_children":[2,4,6,8,10,12,14,-1,-1,-1,-1,-1,-1,-1,-1],"split_conditions":[-1.7069414E-1,-1.3374782E-1,-1.02359734E-1,-2.5809887E-1,-1.0238148E-1,-6.601186E-2,9.5583355E-1,1.215277E-3,-1.5952483E-2,-6.983348E-3,9.877896E-3,-1.5344749E-2,1.7633872E-3,1.2241069E-2,-8.078565E-3],"split_indices":[48,34,31,15,0,3,4,0,0,0,0,0,0,0,0],"split_type":[0,0,0,0,0,0,0,0,0,0,0,0,0,0,0],"sum_hessian":[1.2E2,5.4E1,6.6E1,2.3E1,3.1E1,2.3E1,4.3E1,7E0,1.6E1,1.6E1,1.5E1,8E0,1.5E1,3.5E1,8E0],"tree_param":{"num_deleted":"0","num_feature":"50","num_nodes":"15","size_leaf_vector":"1"}},{"base_weights":[5.1738694E-4,1.0228768E-2,-1.4990506E-2,1.702614E-2,-2.6876273E-2,-2.6390629E-2,6.679747E-3,2.0117683E-3,1.4270327E-2,-1.3887756E-2,2.8694922E-3,-3.925353E-3,-1.723886E-2,-8.34282E-4,7.346349E-3],"categories":[],"categories_nodes":[],"categories_segments":[],"categories_sizes":[],"default_left":[0,0,0,0,0,0,0,0,0,0,0,0,0,0,0],"id":6,"left_children":[1,3,5,7,9,11,13,-1,-1,-1,-1,-1,-1,-1,-1],"loss_changes":[1.8376304E-2,1.9373853E-2,1.1787329E-2,1.9853622E-2,8.933413E-3,1.2065101E-2,2.9322028E-3,0E0,0E0,0E0,0E0,0E0,0E0,0E0,0E0],"parents":[2147483647,0,0,1,1,2,2,3,3,4,4,5,5,6,6],"right_children":[2,4,6,8,10,12,14,-1,-1,-1,-1,-1,-1,-1,-1],"split_conditions":[1.8867615E-1,7.8929436E-1,2.802328E-1,5.856056E-1,1.01313196E-1,4.048723E-1,1.362583E-1,2.0117683E-3,1.4270327E-2,-1.3887756E-2,2.8694922E-3,-3.925353E-3,-1.723886E-2,-8.34282E-4,7.346349E-3],"split_indices":[13,22,34,26,35,10,44,0,0,0,0,0,0,0,0],"split_type":[0,0,0,0,0,0,0,0,0,0,0,0,0,0,0],