{
  "long_threshold": 0.5,
  "short_threshold": 0.5,
  "model_type": "lgb",
  "metrics": {
    "passed": false,
    "acceptance_stage": "v13_triple",
    "metrics": {
      "validation": {
        "precision": 0.28059701492537314,
        "recall": 0.5031578947368421,
        "long_precision": 0.21649484536082475,
        "short_precision": 0.3067226890756303,
        "n_signals": 335
      },
      "test1": {
        "win_rate": 0.3890977443609023,
        "avg_rr": 1.4316275755015668,
        "expectancy": -0.0504542243811108,
        "n_trades": 532,
        "max_daily_signals": 8,
        "max_drawdown": 1.0,
        "total_pnl_r": -26.841647370750824,
        "n_long": 316,
        "n_short": 216,
        "long_win_rate": 0.3860759493670886,
        "short_win_rate": 0.39351851851851855
      },
      "stress": {},
      "threshold_sweep": [
        {
          "long_threshold": 0.5,
          "short_threshold": 0.5,
          "threshold": 0.5,
          "weighted_precision": 0.28059701492537314,
          "long_precision": 0.21649484536082475,
          "short_precision": 0.3067226890756303,
          "trade_recall": 0.5031578947368421,
          "n_signals": 335,
          "n_long_signals": 97,
          "n_short_signals": 238,
          "signals_per_day": 1.8502608162012888,
          "min_side_precision": 0.21649484536082475
        },
        {
          "long_threshold": 0.5,
          "short_threshold": 0.6,
          "threshold": 0.5,
          "weighted_precision": 0.22018348623853212,
          "long_precision": 0.21649484536082475,
          "short_precision": 0.25,
          "trade_recall": 0.5272727272727273,
          "n_signals": 109,
          "n_long_signals": 97,
          "n_short_signals": 12,
          "signals_per_day": 0.6020251610923597,
          "min_side_precision": 0.21649484536082475
        },
        {
          "long_threshold": 0.5,
          "short_threshold": 0.7,
          "threshold": 0.5,
          "weighted_precision": 0.21649484536082475,
          "long_precision": 0.21649484536082475,
          "short_precision": 0.0,
          "trade_recall": 0.5,
          "n_signals": 97,
          "n_long_signals": 97,
          "n_short_signals": 0,
          "signals_per_day": 0.5357471617060449,
          "min_side_precision": 0.0
        },
        {
          "long_threshold": 0.5,
          "short_threshold": 0.75,
          "threshold": 0.5,
          "weighted_precision": 0.21649484536082475,
          "long_precision": 0.21649484536082475,
          "short_precision": 0.0,
          "trade_recall": 0.5,
          "n_signals": 97,
          "n_long_signals": 97,
          "n_short_signals": 0,
          "signals_per_day": 0.5357471617060449,
          "min_side_precision": 0.0
        },
        {
          "long_threshold": 0.5,
          "short_threshold": 0.8,
          "threshold": 0.5,
          "weighted_precision": 0.21649484536082475,
          "long_precision": 0.21649484536082475,
          "short_precision": 0.0,
          "trade_recall": 0.5,
          "n_signals": 97,
          "n_long_signals": 97,
          "n_short_signals": 0,
          "signals_per_day": 0.5357471617060449,
          "min_side_precision": 0.0
        },
        {
          "long_threshold": 0.6,
          "short_threshold": 0.5,
          "threshold": 0.6,
          "weighted_precision": 0.3067226890756303,
          "long_precision": 0.0,
          "short_precision": 0.3067226890756303,
          "trade_recall": 0.5,
          "n_signals": 238,
          "n_long_signals": 0,
          "n_short_signals": 238,
          "signals_per_day": 1.314513654495244,
          "min_side_precision": 0.0
        },
        {
          "long_threshold": 0.6,
          "short_threshold": 0.6,
          "threshold": 0.6,
          "weighted_precision": 0.25,
          "long_precision": 0.0,
          "short_precision": 0.25,
          "trade_recall": 0.5,
          "n_signals": 12,
          "n_long_signals": 0,
          "n_short_signals": 12,
          "signals_per_day": 0.06627799938631483,
          "min_side_precision": 0.0
        },
        {
          "long_threshold": 0.7,
          "short_threshold": 0.5,
          "threshold": 0.7,
          "weighted_precision": 0.3067226890756303,
          "long_precision": 0.0,
          "short_precision": 0.3067226890756303,
          "trade_recall": 0.5,
          "n_signals": 238,
          "n_long_signals": 0,
          "n_short_signals": 238,
          "signals_per_day": 1.314513654495244,
          "min_side_precision": 0.0
        },
        {
          "long_threshold": 0.7,
          "short_threshold": 0.6,
          "threshold": 0.7,
          "weighted_precision": 0.25,
          "long_precision": 0.0,
          "short_precision": 0.25,
          "trade_recall": 0.5,
          "n_signals": 12,
          "n_long_signals": 0,
          "n_short_signals": 12,
          "signals_per_day": 0.06627799938631483,
          "min_side_precision": 0.0
        },
        {
          "long_threshold": 0.75,
          "short_threshold": 0.5,
          "threshold": 0.75,
          "weighted_precision": 0.3067226890756303,
          "long_precision": 0.0,
          "short_precision": 0.3067226890756303,
          "trade_recall": 0.5,
          "n_signals": 238,
          "n_long_signals": 0,
          "n_short_signals": 238,
          "signals_per_day": 1.314513654495244,
          "min_side_precision": 0.0
        },
        {
          "long_threshold": 0.75,
          "short_threshold": 0.6,
          "threshold": 0.75,
          "weighted_precision": 0.25,
          "long_precision": 0.0,
          "short_precision": 0.25,
          "trade_recall": 0.5,
          "n_signals": 12,
          "n_long_signals": 0,
          "n_short_signals": 12,
          "signals_per_day": 0.06627799938631483,
          "min_side_precision": 0.0
        },
        {
          "long_threshold": 0.8,
          "short_threshold": 0.5,
          "threshold": 0.8,
          "weighted_precision": 0.3067226890756303,
          "long_precision": 0.0,
          "short_precision": 0.3067226890756303,
          "trade_recall": 0.5,
          "n_signals": 238,
          "n_long_signals": 0,
          "n_short_signals": 238,
          "signals_per_day": 1.314513654495244,
          "min_side_precision": 0.0
        },
        {
          "long_threshold": 0.8,
          "short_threshold": 0.6,
          "threshold": 0.8,
          "weighted_precision": 0.25,
          "long_precision": 0.0,
          "short_precision": 0.25,
          "trade_recall": 0.5,
          "n_signals": 12,
          "n_long_signals": 0,
          "n_short_signals": 12,
          "signals_per_day": 0.06627799938631483,
          "min_side_precision": 0.0
        }
      ],
      "label_sl_tp": {
        "sl": 1.2,
        "tp": 2.0
      },
      "model_type": "lightgbm",
      "enhanced_features": false
    },
    "failures": [
      "val_precision=0.281<0.55",
      "test1_win_rate=0.389<0.55",
      "test1_avg_rr=1.432<1.5",
      "test1_max_drawdown=1.000>0.2"
    ]
  }
}