{
  "mean": [
    -0.0004448830150067806,
    0.35576117038726807,
    -0.11581463366746902,
    4.059730052947998,
    7.542471885681152,
    0.09228195250034332,
    0.10656281560659409,
    0.0,
    0.0,
    0.0,
    0.0,
    0.0,
    0.0,
    0.0,
    0.0,
    1.0381635427474976,
    1.0670000314712524,
    0.00045540829887613654,
    -0.08286332339048386,
    0.39410531520843506,
    -0.041616953909397125,
    0.0,
    0.0,
    0.0,
    0.0,
    0.0,
    0.0,
    0.0,
    0.0,
    0.0,
    -1.3748183250427246,
    1.5498557090759277,
    0.7309680581092834,
    0.2244686335325241,
    -0.6097734570503235,
    -0.5787724256515503,
    -0.44370487332344055,
    -0.6789515018463135,
    -0.13134044408798218,
    -0.758125901222229,
    -0.7750023603439331,
    0.480802446603775,
    -0.12431707978248596,
    -0.3510703444480896,
    0.4101305305957794,
    -2.0540614128112793,
    -0.9127331972122192,
    0.42018741369247437,
    -0.5982712507247925,
    0.8049550652503967,
    -0.7204450964927673,
    -0.4810623526573181,
    0.02073618583381176,
    0.5286974906921387,
    -0.20157095789909363,
    -0.6224002838134766,
    1.1403475999832153,
    0.056575242429971695,
    -0.40830346941947937,
    1.1050938367843628,
    0.27236977219581604,
    0.6529924869537354,
    0.0,
    0.0,
    0.0,
    0.0,
    0.0,
    0.0,
    0.0,
    0.0,
    0.0,
    0.0,
    0.0,
    0.0
  ],
  "std": [
    0.004474394954741001,
    0.15442126989364624,
    1.415831208229065,
    5.793665885925293,
    9.944857597351074,
    0.09970096498727798,
    0.09978652000427246,
    1.0,
    1.0,
    1.0,
    1.0,
    1.0,
    1.0,
    1.0,
    1.0,
    0.5891430377960205,
    0.8530615568161011,
    0.7243614196777344,
    0.6801699995994568,
    0.49848243594169617,
    0.7672531008720398,
    1.0,
    1.0,
    1.0,
    1.0,
    1.0,
    1.0,
    1.0,
    1.0,
    1.0,
    0.5187005400657654,
    0.6714866161346436,
    0.7448805570602417,
    0.38335350155830383,
    0.7744684815406799,
    0.44670355319976807,
    0.6757413148880005,
    0.5125784873962402,
    0.5398178100585938,
    0.48049408197402954,
    0.6146966218948364,
    0.5643035769462585,
    0.4210411608219147,
    0.5313712358474731,
    0.49663418531417847,
    0.8295729756355286,
    0.6627283692359924,
    0.4471653699874878,
    0.5913604497909546,
    0.582278847694397,
    0.6080203652381897,
    0.8240759968757629,
    0.5832676887512207,
    0.5883399248123169,
    0.43172985315322876,
    0.4501732289791107,
    0.6002240180969238,
    0.7232693433761597,
    0.6353362798690796,
    0.8609844446182251,
    0.6937551498413086,
    0.621793806552887,
    1.0,
    1.0,
    1.0,
    1.0,
    1.0,
    1.0,
    1.0,
    1.0,
    1.0,
    1.0,
    1.0,
    1.0
  ]
}