{
  "mean": [
    0.0001506864937255159,
    0.3697035610675812,
    0.13611464202404022,
    4.729839324951172,
    5.373098373413086,
    0.0798811987042427,
    0.1189635768532753,
    0.0,
    0.0,
    0.0,
    0.0,
    0.0,
    0.0,
    0.0,
    0.0,
    1.0074132680892944,
    1.0362000465393066,
    0.00813605822622776,
    -0.05651658773422241,
    0.39718925952911377,
    -0.029634369537234306,
    0.00045809155562892556,
    0.34712058305740356,
    0.0015532756224274635,
    0.328856498003006,
    0.5040093064308167,
    0.00398936215788126,
    6.333435180749802e-07,
    2.9501590728759766,
    2.123163938522339,
    0.1846003234386444,
    -0.023039307445287704,
    -0.16791553795337677,
    0.19914880394935608,
    -0.16645383834838867,
    -0.11325591057538986,
    -0.005187721457332373,
    -0.08063682913780212,
    0.1351034939289093,
    0.12933437526226044,
    -0.06728624552488327,
    -0.1551131308078766,
    -0.16639870405197144,
    -0.22316373884677887,
    -0.03143955394625664,
    -0.03817809745669365,
    0.10389996320009232,
    -0.006594995968043804,
    -0.11061897873878479,
    0.15185637772083282,
    0.11113517731428146,
    -0.10898157954216003,
    0.12110084295272827,
    -0.32088199257850647,
    0.05590614676475525,
    0.0413084514439106,
    -0.005769419949501753,
    -0.06804043799638748,
    -0.04034359008073807,
    -0.003585818922147155,
    0.08354532718658447,
    -0.093426913022995,
    0.0,
    0.0,
    0.0,
    0.0,
    0.0,
    0.0,
    0.0,
    0.0,
    0.0,
    0.0,
    0.0,
    0.0,
    0.28076139092445374,
    0.3815419673919678,
    0.33769798278808594,
    0.0,
    0.0,
    1.0,
    0.0,
    0.0,
    0.0,
    0.0,
    0.33769798278808594,
    0.313400000333786
  ],
  "std": [
    0.0008489720639772713,
    0.16115137934684753,
    1.3841925859451294,
    6.605431079864502,
    6.319217681884766,
    0.09795452654361725,
    0.09818485379219055,
    1.0,
    1.0,
    1.0,
    1.0,
    1.0,
    1.0,
    1.0,
    1.0,
    0.3634684383869171,
    0.8080189228057861,
    0.7220969200134277,
    0.6852129101753235,
    0.5025378465652466,
    0.7635541558265686,
    0.0014345271047204733,
    0.15340682864189148,
    0.0027146439533680677,
    0.17453314363956451,
    0.20367687940597534,
    0.0036034968215972185,
    2.859272171917837e-06,
    4.657813549041748,
    1.6629972457885742,
    0.13928645849227905,
    0.2274497002363205,
    0.22278662025928497,
    0.21160319447517395,
    0.21878936886787415,
    0.19174055755138397,
    0.18833515048027039,
    0.29432544112205505,
    0.22026541829109192,
    0.20486821234226227,
    0.18819475173950195,
    0.17557837069034576,
    0.16186664998531342,
    0.21235360205173492,
    0.15750418603420258,
    0.15910618007183075,
    0.1484564244747162,
    0.20235298573970795,
    0.1705164909362793,
    0.24356628954410553,
    0.23085522651672363,
    0.2037866860628128,
    0.13164716958999634,
    0.28568035364151,
    0.18601426482200623,
    0.23250199854373932,
    0.17251792550086975,
    0.1399013102054596,
    0.17838364839553833,
    0.13961070775985718,
    0.16050323843955994,
    0.25334998965263367,
    1.0,
    1.0,
    1.0,
    1.0,
    1.0,
    1.0,
    1.0,
    1.0,
    1.0,
    1.0,
    1.0,
    1.0,
    0.1807423084974289,
    0.18118217587471008,
    0.17404864728450775,
    1.0,
    1.0,
    1.0,
    1.0,
    1.0,
    1.0,
    1.0,
    0.17404864728450775,
    0.4638698399066925
  ]
}