{
  "mean": [
    0.0001506864937255159,
    0.3697035610675812,
    0.13611464202404022,
    4.729839324951172,
    5.373098373413086,
    0.0798811987042427,
    0.1189635768532753,
    0.0,
    0.0,
    0.0,
    0.0,
    0.0,
    0.0,
    0.0,
    0.0,
    1.0074132680892944,
    1.0362000465393066,
    0.00813605822622776,
    -0.05651658773422241,
    0.39718925952911377,
    -0.029634369537234306,
    0.00045809155562892556,
    0.34712058305740356,
    0.0015532756224274635,
    0.328856498003006,
    0.5040093064308167,
    0.00398936215788126,
    6.333435180749802e-07,
    2.9501590728759766,
    2.123163938522339,
    0.5854313373565674,
    -0.27134501934051514,
    -0.5052148699760437,
    0.47844457626342773,
    -0.35333406925201416,
    -0.033224254846572876,
    -0.1104474887251854,
    -0.2356373816728592,
    0.2737968862056732,
    0.2585963010787964,
    -0.293697714805603,
    -0.40583011507987976,
    -0.2556783854961395,
    -0.48120203614234924,
    0.021049899980425835,
    -0.10080238431692123,
    0.09018144011497498,
    0.01710689812898636,
    -0.27097851037979126,
    0.4657393991947174,
    0.2733452022075653,
    -0.3205197751522064,
    0.3049127161502838,
    -0.8969314694404602,
    0.2141341120004654,
    0.24390287697315216,
    -0.0318462997674942,
    -0.1645594984292984,
    -0.18112772703170776,
    -0.1729835420846939,
    0.07829048484563828,
    -0.11729494482278824,
    0.0,
    0.0,
    0.0,
    0.0,
    0.0,
    0.0,
    0.0,
    0.0,
    0.0,
    0.0,
    0.0,
    0.0,
    0.3138865530490875,
    0.36299997568130493,
    0.32311221957206726,
    0.0,
    0.0,
    1.0,
    0.0,
    0.0,
    0.0,
    0.0,
    0.32311221957206726,
    0.2563999891281128
  ],
  "std": [
    0.0008489720639772713,
    0.16115137934684753,
    1.3841925859451294,
    6.605431079864502,
    6.319217681884766,
    0.09795452654361725,
    0.09818485379219055,
    1.0,
    1.0,
    1.0,
    1.0,
    1.0,
    1.0,
    1.0,
    1.0,
    0.3634684383869171,
    0.8080189228057861,
    0.7220969200134277,
    0.6852129101753235,
    0.5025378465652466,
    0.7635541558265686,
    0.0014345271047204733,
    0.15340682864189148,
    0.0027146439533680677,
    0.17453314363956451,
    0.20367687940597534,
    0.0036034968215972185,
    2.859272171917837e-06,
    4.657813549041748,
    1.6629972457885742,
    0.5132075548171997,
    0.8375744223594666,
    0.5910894274711609,
    0.5107262134552002,
    0.6216874122619629,
    0.28040140867233276,
    0.29115810990333557,
    0.6675606966018677,
    0.31412363052368164,
    0.4821486473083496,
    0.3206098973751068,
    0.32571104168891907,
    0.26009008288383484,
    0.7329572439193726,
    0.23781917989253998,
    0.3121285140514374,
    0.32711613178253174,
    0.31435900926589966,
    0.22400546073913574,
    0.5662003755569458,
    0.426012247800827,
    0.5212770104408264,
    0.34726789593696594,
    0.6315041780471802,
    0.339265912771225,
    0.23357094824314117,
    0.42870253324508667,
    0.29498305916786194,
    0.39419183135032654,
    0.27254587411880493,
    0.36549970507621765,
    0.5886150598526001,
    1.0,
    1.0,
    1.0,
    1.0,
    1.0,
    1.0,
    1.0,
    1.0,
    1.0,
    1.0,
    1.0,
    1.0,
    0.1699398308992386,
    0.1677863895893097,
    0.16723380982875824,
    1.0,
    1.0,
    1.0,
    1.0,
    1.0,
    1.0,
    1.0,
    0.16723380982875824,
    0.43663883209228516
  ]
}