{
  "long_threshold": 0.8,
  "short_threshold": 0.75,
  "model_type": "lgb",
  "enhanced": true,
  "metrics": {
    "passed": false,
    "acceptance_stage": "v13_triple",
    "metrics": {
      "validation": {
        "precision": 0.39461883408071746,
        "recall": 0.957452725250278,
        "long_precision": 0.3698630136986301,
        "short_precision": 0.4066666666666667,
        "n_signals": 223
      },
      "test1": {
        "win_rate": 0.3089700996677741,
        "avg_rr": 1.2349957501929802,
        "expectancy": -0.30595357551319025,
        "n_trades": 602,
        "max_daily_signals": 8,
        "max_drawdown": 0.8468260859818559,
        "total_pnl_r": 10.588100496213231,
        "n_long": 264,
        "n_short": 338,
        "long_win_rate": 0.2878787878787879,
        "short_win_rate": 0.3254437869822485
      },
      "stress": {},
      "threshold_sweep": [
        {
          "long_threshold": 0.5,
          "short_threshold": 0.5,
          "threshold": 0.5,
          "weighted_precision": 0.26808228268082285,
          "long_precision": 0.25806451612903225,
          "short_precision": 0.2757009345794392,
          "trade_recall": 0.7622850122850122,
          "n_signals": 1507,
          "n_long_signals": 651,
          "n_short_signals": 856,
          "signals_per_day": 8.235128930041933,
          "min_side_precision": 0.25806451612903225
        },
        {
          "long_threshold": 0.5,
          "short_threshold": 0.6,
          "threshold": 0.5,
          "weighted_precision": 0.2813345356176736,
          "long_precision": 0.25806451612903225,
          "short_precision": 0.314410480349345,
          "trade_recall": 0.799749687108886,
          "n_signals": 1109,
          "n_long_signals": 651,
          "n_short_signals": 458,
          "signals_per_day": 6.060224275657933,
          "min_side_precision": 0.25806451612903225
        },
        {
          "long_threshold": 0.5,
          "short_threshold": 0.7,
          "threshold": 0.5,
          "weighted_precision": 0.2862029646522235,
          "long_precision": 0.25806451612903225,
          "short_precision": 0.3672566371681416,
          "trade_recall": 0.7814378603852288,
          "n_signals": 877,
          "n_long_signals": 651,
          "n_short_signals": 226,
          "signals_per_day": 4.792440658027058,
          "min_side_precision": 0.25806451612903225
        },
        {
          "long_threshold": 0.5,
          "short_threshold": 0.75,
          "threshold": 0.5,
          "weighted_precision": 0.2858926342072409,
          "long_precision": 0.25806451612903225,
          "short_precision": 0.4066666666666667,
          "trade_recall": 0.7461837627613028,
          "n_signals": 801,
          "n_long_signals": 651,
          "n_short_signals": 150,
          "signals_per_day": 4.377132231561771,
          "min_side_precision": 0.25806451612903225
        },
        {
          "long_threshold": 0.5,
          "short_threshold": 0.8,
          "threshold": 0.5,
          "weighted_precision": 0.2777777777777778,
          "long_precision": 0.25806451612903225,
          "short_precision": 0.4,
          "trade_recall": 0.7029237730595197,
          "n_signals": 756,
          "n_long_signals": 651,
          "n_short_signals": 105,
          "signals_per_day": 4.1312259264178515,
          "min_side_precision": 0.25806451612903225
        },
        {
          "long_threshold": 0.6,
          "short_threshold": 0.5,
          "threshold": 0.6,
          "weighted_precision": 0.28153717627401836,
          "long_precision": 0.2961876832844575,
          "short_precision": 0.2757009345794392,
          "trade_recall": 0.7706719273075084,
          "n_signals": 1197,
          "n_long_signals": 341,
          "n_short_signals": 856,
          "signals_per_day": 6.5411077168282645,
          "min_side_precision": 0.2757009345794392
        },
        {
          "long_threshold": 0.6,
          "short_threshold": 0.6,
          "threshold": 0.6,
          "weighted_precision": 0.30663329161451813,
          "long_precision": 0.2961876832844575,
          "short_precision": 0.314410480349345,
          "trade_recall": 0.8590731633118693,
          "n_signals": 799,
          "n_long_signals": 341,
          "n_short_signals": 458,
          "signals_per_day": 4.366203062444264,
          "min_side_precision": 0.2961876832844575
        },
        {
          "long_threshold": 0.6,
          "short_threshold": 0.7,
          "threshold": 0.6,
          "weighted_precision": 0.32451499118165783,
          "long_precision": 0.2961876832844575,
          "short_precision": 0.3672566371681416,
          "trade_recall": 0.8924396681749622,
          "n_signals": 567,
          "n_long_signals": 341,
          "n_short_signals": 226,
          "signals_per_day": 3.098419444813388,
          "min_side_precision": 0.2961876832844575
        },
        {
          "long_threshold": 0.6,
          "short_threshold": 0.75,
          "threshold": 0.6,
          "weighted_precision": 0.329938900203666,
          "long_precision": 0.2961876832844575,
          "short_precision": 0.4066666666666667,
          "trade_recall": 0.8715412621359223,
          "n_signals": 491,
          "n_long_signals": 341,
          "n_short_signals": 150,
          "signals_per_day": 2.6831110183481015,
          "min_side_precision": 0.2961876832844575
        },
        {
          "long_threshold": 0.6,
          "short_threshold": 0.8,
          "threshold": 0.6,
          "weighted_precision": 0.32062780269058294,
          "long_precision": 0.2961876832844575,
          "short_precision": 0.4,
          "trade_recall": 0.8393603342976534,
          "n_signals": 446,
          "n_long_signals": 341,
          "n_short_signals": 105,
          "signals_per_day": 2.437204713204182,
          "min_side_precision": 0.2961876832844575
        },
        {
          "long_threshold": 0.7,
          "short_threshold": 0.5,
          "threshold": 0.7,
          "weighted_precision": 0.2905405405405405,
          "long_precision": 0.3611111111111111,
          "short_precision": 0.2757009345794392,
          "trade_recall": 0.7415095557851239,
          "n_signals": 1036,
          "n_long_signals": 180,
          "n_short_signals": 856,
          "signals_per_day": 5.661309602868907,
          "min_side_precision": 0.2757009345794392
        },
        {
          "long_threshold": 0.7,
          "short_threshold": 0.6,
          "threshold": 0.7,
          "weighted_precision": 0.3275862068965517,
          "long_precision": 0.3611111111111111,
          "short_precision": 0.314410480349345,
          "trade_recall": 0.8623529411764705,
          "n_signals": 638,
          "n_long_signals": 180,
          "n_short_signals": 458,
          "signals_per_day": 3.486404948484906,
          "min_side_precision": 0.314410480349345
        },
        {
          "long_threshold": 0.7,
          "short_threshold": 0.7,
          "threshold": 0.7,
          "weighted_precision": 0.3645320197044335,
          "long_precision": 0.3611111111111111,
          "short_precision": 0.3672566371681416,
          "trade_recall": 0.9442333113020489,
          "n_signals": 406,
          "n_long_signals": 180,
          "n_short_signals": 226,
          "signals_per_day": 2.218621330854031,
          "min_side_precision": 0.3611111111111111
        },
        {
          "long_threshold": 0.7,
          "short_threshold": 0.75,
          "threshold": 0.7,
          "weighted_precision": 0.38181818181818183,
          "long_precision": 0.3611111111111111,
          "short_precision": 0.4066666666666667,
          "trade_recall": 0.9402985074626866,
          "n_signals": 330,
          "n_long_signals": 180,
          "n_short_signals": 150,
          "signals_per_day": 1.8033129043887446,
          "min_side_precision": 0.3611111111111111
        },
        {
          "long_threshold": 0.7,