{
  "input_dim": 74,
  "feature_dim_original": 76,
  "embed_dim": 32,
  "hidden_dim": 128,
  "num_res_blocks": 3,
  "scaler_path": "D:\\trae_projects\\ZhuLong3_DevPackage_v2\\models\\knowledge_scaler_v15.pkl",
  "train_mode": "v14_distill",
  "train_end": "2024-12-31",
  "v14_agreement": 0.9033452945942817,
  "trade_precision": 0.9259146390363611,
  "trade_rate": 0.9021154068757958,
  "val_accuracy": 0.9033452945942817,
  "macro_f1": 0.8375749458123822,
  "distill_weight": 0.95,
  "temperature": 2.0,
  "keep_cols": [
    0,
    1,
    2,
    3,
    4,
    5,
    6,
    7,
    8,
    10,
    11,
    12,
    13,
    14,
    15,
    16,
    17,
    18,
    19,
    20,
    21,
    22,
    23,
    24,
    25,
    26,
    27,
    28,
    29,
    30,
    31,
    32,
    33,
    34,
    35,
    36,
    37,
    38,
    39,
    40,
    41,
    42,
    43,
    44,
    45,
    46,
    47,
    48,
    49,
    50,
    51,
    52,
    53,
    54,
    55,
    56,
    57,
    58,
    59,
    60,
    61,
    62,
    64,
    65,
    66,
    67,
    68,
    69,
    70,
    71,
    72,
    73,
    74,
    75
  ]
}